,Source,Destination,Class
0,47106,34405,1
1,47106,8032,1
2,75824,8032,1
3,75824,34405,1
4,76,8032,1
5,282709,8032,1
6,282709,20043,1
7,282709,66878,1
8,307295,8032,1
9,307295,34405,1
10,2192,2650,1
11,167,4723,1
12,167,4842,1
13,167,4843,1
14,241841,20043,1
15,241841,2650,1
16,217299,2650,1
17,8452,8032,1
18,287024,8032,1
19,65862,8032,1
20,82292,8032,1
21,45446,8032,1
22,254416,8032,1
23,73363,2650,1
24,73363,63165,1
25,57813,8032,1
26,6619,14988,1
27,6619,2650,1
28,12834,19231,1
29,12834,19240,1
30,37448,2650,1
31,37448,34405,1
32,37448,8032,1
33,8808,34750,1
34,8808,34767,1
35,217708,2650,1
36,4723,167,1
37,4723,8032,1
38,4723,2988,1
39,11929,20043,1
40,11929,20133,1
41,62076,8032,1
42,37503,8032,1
43,80516,2650,1
44,41605,2650,1
45,295560,2650,1
46,51867,8032,1
47,74414,2650,1
48,217807,34405,1
49,217807,8032,1
50,197358,8032,1
51,140082,2650,1
52,158535,2650,1
53,207699,8032,1
54,207699,66878,1
55,170834,8032,1
56,170834,34405,1
57,62300,2650,1
58,62300,8032,1
59,863,8032,1
60,105192,8032,1
61,66402,19240,1
62,310138,2650,1
63,160651,8032,1
64,146320,80998,1
65,62355,2650,1
66,52118,8032,1
67,52118,34405,1
68,29591,8032,1
69,13215,2650,1
70,43937,8032,1
71,2988,2650,1
72,15307,20133,1
73,72656,2650,1
74,130020,8032,1
75,130020,34405,1
76,26254,8032,1
77,222209,2650,1
78,72712,8032,1
79,158756,8032,1
80,158756,34405,1
81,58427,108872,1
82,58427,98863,1
83,17472,80998,1
84,226372,2650,1
85,40025,14988,1
86,40025,2650,1
87,66731,2650,1
88,146650,63091,1
89,146650,63145,1
90,146650,108864,1
91,146650,186065,1
92,146650,40857,1
93,146650,62991,1
94,146650,108817,1
95,146650,80998,1
96,146650,431792,1
97,146650,186336,1
98,146650,63172,1
99,146650,62981,1
100,146650,62940,1
101,146650,63121,1
102,146650,152385,1
103,146650,152263,1
104,146650,152298,1
105,146650,99012,1
106,146650,63264,1
107,146650,152352,1
108,146650,63169,1
109,146650,98993,1
110,146650,186286,1
111,146650,63020,1
112,146650,108788,1
113,146650,63221,1
114,146650,431708,1
115,146650,431746,1
116,146650,63129,1
117,146650,431764,1
118,146650,63089,1
119,146650,431759,1
120,146650,63202,1
121,146650,186264,1
122,146650,90853,1
123,146650,108827,1
124,146650,63237,1
125,146650,63061,1
126,146650,99088,1
127,146650,63032,1
128,146650,108858,1
129,105702,2650,1
130,38143,34405,1
131,38143,8032,1
132,312589,8032,1
133,64833,2650,1
134,263501,66878,1
135,263501,20043,1
136,52560,80998,1
137,121572,8032,1
138,121572,34405,1
139,56717,8032,1
140,60820,8032,1
141,60820,2650,1
142,60820,20043,1
143,62892,62834,1
144,62892,34405,1
145,62892,62798,1
146,62892,20133,1
147,62892,62815,1
148,62892,62859,1
149,62892,62823,1
150,21938,8032,1
151,21938,34405,1
152,21938,80998,1
153,193990,8032,1
154,36298,15307,1
155,36298,2650,1
156,104094,8032,1
157,62990,98820,1
158,62990,63139,1
159,62990,63202,1
160,62990,63118,1
161,62990,98825,1
162,62990,98826,1
163,62990,98827,1
164,62990,98829,1
165,62990,98830,1
166,62990,98831,1
167,62990,90853,1
168,62990,98839,1
169,62990,98840,1
170,62990,98842,1
171,62990,98845,1
172,62990,98847,1
173,62990,98853,1
174,62990,98854,1
175,62990,98855,1
176,62990,98856,1
177,62990,98859,1
178,62990,98861,1
179,62990,90855,1
180,62990,63205,1
181,62990,98863,1
182,62990,98864,1
183,62990,98866,1
184,62990,98868,1
185,62990,98869,1
186,62990,98873,1
187,62990,90884,1
188,62990,90889,1
189,62990,98878,1
190,62990,98879,1
191,62990,98884,1
192,62990,4843,1
193,62990,98890,1
194,62990,98894,1
195,62990,98898,1
196,62990,98903,1
197,62990,63047,1
198,62990,98905,1
199,62990,63182,1
200,62990,98908,1
201,62990,98913,1
202,62990,98914,1
203,62990,98915,1
204,62990,98916,1
205,62990,98917,1
206,62990,98918,1
207,62990,98920,1
208,62990,4842,1
209,62990,98927,1
210,62990,90844,1
211,62990,98928,1
212,62990,98929,1
213,62990,98930,1
214,62990,98933,1
215,62990,98937,1
216,62990,98938,1
217,62990,98940,1
218,62990,98941,1
219,62990,90861,1
220,62990,98944,1
221,62990,98945,1
222,62990,98946,1
223,62990,98949,1
224,62990,63157,1
225,62990,98954,1
226,62990,98956,1
227,62990,98959,1
228,62990,98960,1
229,62990,98961,1
230,62990,98962,1
231,62990,98964,1
232,62990,90841,1
233,62990,63089,1
234,62990,98967,1
235,62990,98968,1
236,62990,98969,1
237,62990,98972,1
238,62990,98974,1
239,62990,98977,1
240,62990,90850,1
241,62990,98981,1
242,62990,98982,1
243,62990,98985,1
244,62990,98986,1
245,62990,98989,1
246,62990,98990,1
247,62990,98992,1
248,62990,98993,1
249,62990,98995,1
250,62990,98997,1
251,62990,98999,1
252,62990,99004,1
253,62990,99007,1
254,62990,99008,1
255,62990,99011,1
256,62990,99012,1
257,62990,99014,1
258,62990,99015,1
259,62990,99017,1
260,62990,99021,1
261,62990,62996,1
262,62990,99023,1
263,62990,99025,1
264,62990,99026,1
265,62990,99028,1
266,62990,99031,1
267,62990,66878,1
268,62990,99033,1
269,62990,99036,1
270,62990,99039,1
271,62990,99040,1
272,62990,62926,1
273,62990,99047,1
274,62990,99048,1
275,62990,99049,1
276,62990,99051,1
277,62990,62960,1
278,62990,63074,1
279,62990,99053,1
280,62990,99054,1
281,62990,99055,1
282,62990,90849,1
283,62990,99057,1
284,62990,99058,1
285,62990,99059,1
286,62990,99060,1
287,62990,99061,1
288,62990,63064,1
289,62990,99062,1
290,62990,99064,1
291,62990,99066,1
292,62990,99067,1
293,62990,99070,1
294,62990,99071,1
295,62990,99072,1
296,62990,90878,1
297,62990,99073,1
298,62990,90854,1
299,62990,99074,1
300,62990,99076,1
301,62990,99080,1
302,62990,99082,1
303,62990,63225,1
304,62990,62936,1
305,62990,99085,1
306,62990,99086,1
307,62990,63090,1
308,62990,99087,1
309,62990,62939,1
310,62990,99088,1
311,62990,62934,1
312,62990,99091,1
313,62990,99099,1
314,62990,99100,1
315,62990,99101,1
316,62990,40857,1
317,62990,99102,1
318,62990,99106,1
319,62990,99112,1
320,62990,63110,1
321,62990,99117,1
322,62990,99119,1
323,62990,99121,1
324,71200,8032,1
325,50732,2650,1
326,63031,152250,1
327,63031,152251,1
328,63031,63067,1
329,63031,152253,1
330,63031,152255,1
331,63031,20043,1
332,63031,152258,1
333,63031,63225,1
334,63031,63108,1
335,63031,152260,1
336,63031,152262,1
337,63031,152263,1
338,63031,90856,1
339,63031,63049,1
340,63031,152266,1
341,63031,62929,1
342,63031,99012,1
343,63031,62959,1
344,63031,152268,1
345,63031,108839,1
346,63031,152269,1
347,63031,62916,1
348,63031,152271,1
349,63031,152273,1
350,63031,152274,1
351,63031,152275,1
352,63031,63157,1
353,63031,62972,1
354,63031,152276,1
355,63031,63249,1
356,63031,90891,1
357,63031,108774,1
358,63031,152277,1
359,63031,152278,1
360,63031,90892,1
361,63031,63023,1
362,63031,152279,1
363,63031,152280,1
364,63031,4843,1
365,63031,152283,1
366,63031,62945,1
367,63031,62950,1
368,63031,152287,1
369,63031,152288,1
370,63031,62962,1
371,63031,99066,1
372,63031,152292,1
373,63031,108819,1
374,63031,152293,1
375,63031,63036,1
376,63031,152294,1
377,63031,90864,1
378,63031,98879,1
379,63031,108795,1
380,63031,98927,1
381,63031,62909,1
382,63031,34750,1
383,63031,99106,1
384,63031,98929,1
385,63031,98827,1
386,63031,152298,1
387,63031,152299,1
388,63031,63017,1
389,63031,152301,1
390,63031,152302,1
391,63031,63053,1
392,63031,152304,1
393,63031,62920,1
394,63031,152305,1
395,63031,108792,1
396,63031,152307,1
397,63031,62958,1
398,63031,63078,1
399,63031,152308,1
400,63031,152309,1
401,63031,62969,1
402,63031,152310,1
403,63031,62970,1
404,63031,152311,1
405,63031,80998,1
406,63031,152313,1
407,63031,152315,1
408,63031,62924,1
409,63031,152317,1
410,63031,98995,1
411,63031,152318,1
412,63031,152319,1
413,63031,63250,1
414,63031,152321,1
415,63031,98981,1
416,63031,152322,1
417,63031,152323,1
418,63031,152324,1
419,63031,152325,1
420,63031,99054,1
421,63031,98853,1
422,63031,63102,1
423,63031,152328,1
424,63031,152330,1
425,63031,152332,1
426,63031,152334,1
427,63031,62963,1
428,63031,63075,1
429,63031,62912,1
430,63031,152337,1
431,63031,63264,1
432,63031,90844,1
433,63031,99028,1
434,63031,152341,1
435,63031,90887,1
436,63031,152344,1
437,63031,152345,1
438,63031,90885,1
439,63031,152346,1
440,63031,152348,1
441,63031,152349,1
442,63031,63070,1
443,63031,152352,1
444,63031,152353,1
445,63031,152354,1
446,63031,152355,1
447,63031,152356,1
448,63031,62991,1
449,63031,152357,1
450,63031,90850,1
451,63031,152358,1
452,63031,2650,1
453,63031,63171,1
454,63031,152360,1
455,63031,99023,1
456,63031,152361,1
457,63031,152362,1
458,63031,63054,1
459,63031,152364,1
460,63031,152365,1
461,63031,63039,1
462,63031,63233,1
463,63031,152367,1
464,63031,19240,1
465,63031,152370,1
466,63031,90862,1
467,63031,152371,1
468,63031,63052,1
469,63031,108825,1
470,63031,152372,1
471,63031,152375,1
472,63031,63216,1
473,63031,63085,1
474,63031,90882,1
475,63031,152378,1
476,63031,152379,1
477,63031,19231,1
478,63031,99015,1
479,63031,98946,1
480,63031,90853,1
481,63031,63090,1
482,63031,152381,1
483,63031,99051,1
484,63031,90878,1
485,63031,63139,1
486,63031,108831,1
487,63031,152385,1
488,63031,152386,1
489,63031,152387,1
490,63031,99007,1
491,63031,152389,1
492,63031,90883,1
493,63031,8032,1
494,63031,99053,1
495,63031,152396,1
496,63031,108872,1
497,63031,98863,1
498,63031,152398,1
499,63031,152399,1
500,63031,152400,1
501,63031,152401,1
502,63031,152402,1
503,63031,152403,1
504,63031,99049,1
505,63054,186017,1
506,63054,186018,1
507,63054,186020,1
508,63054,186022,1
509,63054,186023,1
510,63054,186024,1
511,63054,186029,1
512,63054,186031,1
513,63054,62964,1
514,63054,186035,1
515,63054,98938,1
516,63054,186038,1
517,63054,63228,1
518,63054,63096,1
519,63054,186041,1
520,63054,186042,1
521,63054,186043,1
522,63054,63174,1
523,63054,186045,1
524,63054,186046,1
525,63054,186047,1
526,63054,186049,1
527,63054,186055,1
528,63054,98854,1
529,63054,186056,1
530,63054,152389,1
531,63054,186057,1
532,63054,152251,1
533,63054,186060,1
534,63054,186061,1
535,63054,98941,1
536,63054,186062,1
537,63054,186063,1
538,63054,186064,1
539,63054,186065,1
540,63054,186069,1
541,63054,186071,1
542,63054,186075,1
543,63054,186076,1
544,63054,63129,1
545,63054,186078,1
546,63054,94615,1
547,63054,186080,1
548,63054,186081,1
549,63054,186082,1
550,63054,186084,1
551,63054,99070,1
552,63054,63181,1
553,63054,186088,1
554,63054,186091,1
555,63054,63240,1
556,63054,186092,1
557,63054,186098,1
558,63054,186099,1
559,63054,186100,1
560,63054,108787,1
561,63054,186103,1
562,63054,186105,1
563,63054,63088,1
564,63054,186106,1
565,63054,186107,1
566,63054,62792,1
567,63054,186109,1
568,63054,63034,1
569,63054,99023,1
570,63054,186112,1
571,63054,90837,1
572,63054,63241,1
573,63054,186115,1
574,63054,186117,1
575,63054,186118,1
576,63054,152324,1
577,63054,186120,1
578,63054,98946,1
579,63054,186122,1
580,63054,186123,1
581,63054,186126,1
582,63054,63188,1
583,63054,186130,1
584,63054,186131,1
585,63054,186132,1
586,63054,186134,1
587,63054,186135,1
588,63054,186136,1
589,63054,186137,1
590,63054,63180,1
591,63054,186140,1
592,63054,186141,1
593,63054,186143,1
594,63054,186144,1
595,63054,152311,1
596,63054,63085,1
597,63054,186146,1
598,63054,186147,1
599,63054,63021,1
600,63054,186152,1
601,63054,186154,1
602,63054,99091,1
603,63054,186157,1
604,63054,186158,1
605,63054,186159,1
606,63054,99040,1
607,63054,98986,1
608,63054,186163,1
609,63054,186165,1
610,63054,99059,1
611,63054,186168,1
612,63054,186169,1
613,63054,186173,1
614,63054,186175,1
615,63054,62966,1
616,63054,186178,1
617,63054,90884,1
618,63054,186179,1
619,63054,90882,1
620,63054,99119,1
621,63054,186182,1
622,63054,63015,1
623,63054,186188,1
624,63054,63211,1
625,63054,186190,1
626,63054,186191,1
627,63054,63222,1
628,63054,186192,1
629,63054,186193,1
630,63054,186195,1
631,63054,186197,1
632,63054,63209,1
633,63054,63121,1
634,63054,90889,1
635,63054,152292,1
636,63054,186201,1
637,63054,186202,1
638,63054,105621,1
639,63054,108825,1
640,63054,186203,1
641,63054,63223,1
642,63054,186204,1
643,63054,186205,1
644,63054,63060,1
645,63054,63056,1
646,63054,186206,1
647,63054,99086,1
648,63054,98825,1
649,63054,98981,1
650,63054,63204,1
651,63054,186213,1
652,63054,186214,1
653,63054,90859,1
654,63054,63196,1
655,63054,186217,1
656,63054,186218,1
657,63054,186219,1
658,63054,108785,1
659,63054,186220,1
660,63054,186221,1
661,63054,63039,1
662,63054,186222,1
663,63054,186223,1
664,63054,99025,1
665,63054,186225,1
666,63054,63179,1
667,63054,62916,1
668,63054,63187,1
669,63054,108770,1
670,63054,63218,1
671,63054,98968,1
672,63054,63206,1
673,63054,63091,1
674,63054,98842,1
675,63054,152302,1
676,63054,152277,1
677,63054,186233,1
678,63054,186234,1
679,63054,186236,1
680,63054,186237,1
681,63054,63232,1
682,63054,186241,1
683,63054,62972,1
684,63054,186243,1
685,63054,90833,1
686,63054,108776,1
687,63054,63201,1
688,63054,186244,1
689,63054,186245,1
690,63054,63113,1
691,63054,62958,1
692,63054,63249,1
693,63054,186249,1
694,63054,186251,1
695,63054,62969,1
696,63054,108768,1
697,63054,152361,1
698,63054,63233,1
699,63054,152356,1
700,63054,63049,1
701,63054,63070,1
702,63054,186256,1
703,63054,186257,1
704,63054,186258,1
705,63054,186259,1
706,63054,99028,1
707,63054,186263,1
708,63054,19231,1
709,63054,186264,1
710,63054,186269,1
711,63054,186270,1
712,63054,152381,1
713,63054,152352,1
714,63054,90864,1
715,63054,108817,1
716,63054,186274,1
717,63054,152280,1
718,63054,63225,1
719,63054,186276,1
720,63054,108858,1
721,63054,186277,1
722,63054,186278,1
723,63054,186279,1
724,63054,186282,1
725,63054,186286,1
726,63054,152330,1
727,63054,186287,1
728,63054,62950,1
729,63054,186291,1
730,63054,186292,1
731,63054,186293,1
732,63054,63198,1
733,63054,186295,1
734,63054,19240,1
735,63054,186297,1
736,63054,63135,1
737,63054,186302,1
738,63054,186303,1
739,63054,63130,1
740,63054,63158,1
741,63054,63182,1
742,63054,186307,1
743,63054,108780,1
744,63054,63114,1
745,63054,186308,1
746,63054,186311,1
747,63054,186312,1
748,63054,186313,1
749,63054,63157,1
750,63054,152379,1
751,63054,152262,1
752,63054,152398,1
753,63054,63183,1
754,63054,186314,1
755,63054,63036,1
756,63054,63191,1
757,63054,186316,1
758,63054,186317,1
759,63054,62909,1
760,63054,186318,1
761,63054,152293,1
762,63054,186321,1
763,63054,63123,1
764,63054,108852,1
765,63054,186323,1
766,63054,63148,1
767,63054,62962,1
768,63054,186324,1
769,63054,152275,1
770,63054,63103,1
771,63054,186326,1
772,63054,186327,1
773,63054,80998,1
774,63054,63067,1
775,63054,186333,1
776,63054,186334,1
777,63054,63108,1
778,63054,186336,1
779,63054,152271,1
780,63054,186338,1
781,63054,63118,1
782,63054,186339,1
783,63054,63035,1
784,63054,90894,1
785,63054,186340,1
786,63054,186341,1
787,63054,90885,1
788,63054,63166,1
789,63054,186344,1
790,63054,186345,1
791,63054,186347,1
792,63054,186348,1
793,63054,186350,1
794,63054,186351,1
795,36443,2650,1
796,63073,108768,1
797,63073,108769,1
798,63073,108770,1
799,63073,108773,1
800,63073,108774,1
801,63073,108775,1
802,63073,108776,1
803,63073,108777,1
804,63073,63216,1
805,63073,108780,1
806,63073,63180,1
807,63073,62924,1
808,63073,63020,1
809,63073,63209,1
810,63073,108783,1
811,63073,63221,1
812,63073,108784,1
813,63073,108785,1
814,63073,108787,1
815,63073,108788,1
816,63073,63196,1
817,63073,63178,1
818,63073,63202,1
819,63073,108790,1
820,63073,108791,1
821,63073,99047,1
822,63073,108792,1
823,63073,63063,1
824,63073,63049,1
825,63073,63146,1
826,63073,63143,1
827,63073,108795,1
828,63073,99061,1
829,63073,108799,1
830,63073,63201,1
831,63073,62984,1
832,63073,108801,1
833,63073,108803,1
834,63073,108804,1
835,63073,63011,1
836,63073,63077,1
837,63073,108808,1
838,63073,108809,1
839,63073,63095,1
840,63073,63249,1
841,63073,108810,1
842,63073,63119,1
843,63073,90853,1
844,63073,63113,1
845,63073,63123,1
846,63073,108812,1
847,63073,108814,1
848,63073,63118,1
849,63073,108815,1
850,63073,63127,1
851,63073,108817,1
852,63073,108819,1
853,63073,90855,1
854,63073,108821,1
855,63073,108822,1
856,63073,108824,1
857,63073,108825,1
858,63073,108826,1
859,63073,62963,1
860,63073,62934,1
861,63073,108827,1
862,63073,63082,1
863,63073,108828,1
864,63073,90844,1
865,63073,63171,1
866,63073,63035,1
867,63073,99074,1
868,63073,108831,1
869,63073,108832,1
870,63073,90850,1
871,63073,63264,1
872,63073,108833,1
873,63073,62940,1
874,63073,62958,1
875,63073,108837,1
876,63073,63078,1
877,63073,108839,1
878,63073,19240,1
879,63073,62991,1
880,63073,108840,1
881,63073,63059,1
882,63073,108842,1
883,63073,108844,1
884,63073,63139,1
885,63073,108845,1
886,63073,62936,1
887,63073,63090,1
888,63073,108846,1
889,63073,108848,1
890,63073,108850,1
891,63073,108852,1
892,63073,99017,1
893,63073,34750,1
894,63073,108854,1
895,63073,108855,1
896,63073,62947,1
897,63073,90856,1
898,63073,108857,1
899,63073,108858,1
900,63073,62954,1
901,63073,99072,1
902,63073,108859,1
903,63073,99051,1
904,63073,99021,1
905,63073,99076,1
906,63073,108861,1
907,63073,108862,1
908,63073,98856,1
909,63073,108864,1
910,63073,99080,1
911,63073,108867,1
912,63073,99036,1
913,63073,19231,1
914,63073,108872,1
915,63073,52197,1
916,63073,99049,1
917,63073,98863,1
918,63073,108875,1
919,63073,34405,1
920,241295,14988,1
921,241295,2650,1
922,63127,90833,1
923,63127,63073,1
924,63127,90837,1
925,63127,63182,1
926,63127,63119,1
927,63127,90841,1
928,63127,63080,1
929,63127,90844,1
930,63127,63114,1
931,63127,62909,1
932,63127,63070,1
933,63127,62934,1
934,63127,62959,1
935,63127,63110,1
936,63127,90849,1
937,63127,90850,1
938,63127,90853,1
939,63127,90854,1
940,63127,90855,1
941,63127,62991,1
942,63127,90856,1
943,63127,90858,1
944,63127,63121,1
945,63127,90859,1
946,63127,90860,1
947,63127,90861,1
948,63127,90862,1
949,63127,63133,1
950,63127,90864,1
951,63127,62963,1
952,63127,63095,1
953,63127,90878,1
954,63127,90882,1
955,63127,90883,1
956,63127,90884,1
957,63127,63056,1
958,63127,90885,1
959,63127,19231,1
960,63127,62940,1
961,63127,90887,1
962,63127,63054,1
963,63127,62945,1
964,63127,63230,1
965,63127,90889,1
966,63127,90891,1
967,63127,90892,1
968,63127,62792,1
969,63127,90894,1
970,63127,63264,1
971,83628,8032,1
972,20133,62776,1
973,20133,62777,1
974,20133,62778,1
975,20133,62780,1
976,20133,62782,1
977,20133,62784,1
978,20133,62788,1
979,20133,62790,1
980,20133,62791,1
981,20133,62792,1
982,20133,62793,1
983,20133,62796,1
984,20133,62797,1
985,20133,62798,1
986,20133,62799,1
987,20133,62800,1
988,20133,62801,1
989,20133,62804,1
990,20133,62807,1
991,20133,62810,1
992,20133,62812,1
993,20133,62813,1
994,20133,62814,1
995,20133,62815,1
996,20133,62823,1
997,20133,62825,1
998,20133,62827,1
999,20133,62828,1
1000,20133,62833,1
1001,20133,62834,1
1002,20133,62836,1
1003,20133,62839,1
1004,20133,62841,1
1005,20133,62842,1
1006,20133,62844,1
1007,20133,62846,1
1008,20133,62847,1
1009,20133,62849,1
1010,20133,62852,1
1011,20133,62854,1
1012,20133,62856,1
1013,20133,62857,1
1014,20133,62859,1
1015,20133,62863,1
1016,20133,62864,1
1017,20133,62868,1
1018,20133,62869,1
1019,20133,62872,1
1020,20133,62873,1
1021,20133,62874,1
1022,20133,62880,1
1023,20133,62882,1
1024,20133,62883,1
1025,20133,62888,1
1026,20133,62890,1
1027,20133,62891,1
1028,20133,62892,1
1029,20133,62894,1
1030,20133,62896,1
1031,20133,62899,1
1032,20133,62902,1
1033,20133,62904,1
1034,20133,62905,1
1035,20133,62907,1
1036,20133,62908,1
1037,20133,62909,1
1038,20133,62912,1
1039,20133,62913,1
1040,20133,62916,1
1041,20133,62917,1
1042,20133,62918,1
1043,20133,62920,1
1044,20133,62921,1
1045,20133,62922,1
1046,20133,62924,1
1047,20133,62925,1
1048,20133,62926,1
1049,20133,62928,1
1050,20133,62929,1
1051,20133,62931,1
1052,20133,62932,1
1053,20133,62934,1
1054,20133,62936,1
1055,20133,62937,1
1056,20133,62939,1
1057,20133,62940,1
1058,20133,62945,1
1059,20133,62946,1
1060,20133,62947,1
1061,20133,62950,1
1062,20133,62953,1
1063,20133,62954,1
1064,20133,62956,1
1065,20133,62958,1
1066,20133,62959,1
1067,20133,62960,1
1068,20133,62962,1
1069,20133,62963,1
1070,20133,62964,1
1071,20133,62966,1
1072,20133,62967,1
1073,20133,62969,1
1074,20133,62970,1
1075,20133,62972,1
1076,20133,62973,1
1077,20133,62974,1
1078,20133,62977,1
1079,20133,62978,1
1080,20133,62979,1
1081,20133,62980,1
1082,20133,62981,1
1083,20133,62984,1
1084,20133,62990,1
1085,20133,62991,1
1086,20133,62992,1
1087,20133,62994,1
1088,20133,62995,1
1089,20133,62996,1
1090,20133,62998,1
1091,20133,62999,1
1092,20133,63002,1
1093,20133,63003,1
1094,20133,63007,1
1095,20133,63008,1
1096,20133,63010,1
1097,20133,63011,1
1098,20133,63012,1
1099,20133,63015,1
1100,20133,63016,1
1101,20133,63017,1
1102,20133,63020,1
1103,20133,63021,1
1104,20133,63023,1
1105,20133,63026,1
1106,20133,63027,1
1107,20133,63028,1
1108,20133,63029,1
1109,20133,63030,1
1110,20133,63031,1
1111,20133,63032,1
1112,20133,63033,1
1113,20133,63034,1
1114,20133,63035,1
1115,20133,63036,1
1116,20133,63039,1
1117,20133,63041,1
1118,20133,63042,1
1119,20133,63043,1
1120,20133,63045,1
1121,20133,63047,1
1122,20133,63048,1
1123,20133,63049,1
1124,20133,63050,1
1125,20133,63051,1
1126,20133,63052,1
1127,20133,63053,1
1128,20133,63054,1
1129,20133,63056,1
1130,20133,63059,1
1131,20133,63060,1
1132,20133,63061,1
1133,20133,63063,1
1134,20133,63064,1
1135,20133,63065,1
1136,20133,63067,1
1137,20133,63068,1
1138,20133,63070,1
1139,20133,63072,1
1140,20133,63073,1
1141,20133,63074,1
1142,20133,63075,1
1143,20133,63076,1
1144,20133,63077,1
1145,20133,63078,1
1146,20133,63079,1
1147,20133,63080,1
1148,20133,63081,1
1149,20133,63082,1
1150,20133,63083,1
1151,20133,63084,1
1152,20133,63085,1
1153,20133,63087,1
1154,20133,63088,1
1155,20133,63089,1
1156,20133,63090,1
1157,20133,63091,1
1158,20133,63092,1
1159,20133,63095,1
1160,20133,63096,1
1161,20133,63098,1
1162,20133,63099,1
1163,20133,63102,1
1164,20133,63103,1
1165,20133,63106,1
1166,20133,63108,1
1167,20133,63110,1
1168,20133,63111,1
1169,20133,63113,1
1170,20133,63114,1
1171,20133,63115,1
1172,20133,63118,1
1173,20133,63119,1
1174,20133,63121,1
1175,20133,63122,1
1176,20133,63123,1
1177,20133,63124,1
1178,20133,63125,1
1179,20133,63126,1
1180,20133,63127,1
1181,20133,63129,1
1182,20133,63130,1
1183,20133,63132,1
1184,20133,63133,1
1185,20133,63135,1
1186,20133,63136,1
1187,20133,63137,1
1188,20133,63139,1
1189,20133,63141,1
1190,20133,63143,1
1191,20133,63145,1
1192,20133,63146,1
1193,20133,63147,1
1194,20133,63148,1
1195,20133,63149,1
1196,20133,63151,1
1197,20133,63152,1
1198,20133,63154,1
1199,20133,63156,1
1200,20133,63157,1
1201,20133,63158,1
1202,20133,63161,1
1203,20133,63163,1
1204,20133,63164,1
1205,20133,63165,1
1206,20133,63166,1
1207,20133,63169,1
1208,20133,63171,1
1209,20133,63172,1
1210,20133,63173,1
1211,20133,63174,1
1212,20133,63175,1
1213,20133,63177,1
1214,20133,63178,1
1215,20133,63179,1
1216,20133,63180,1
1217,20133,63181,1
1218,20133,63182,1
1219,20133,63183,1
1220,20133,63185,1
1221,20133,19240,1
1222,20133,63187,1
1223,20133,63188,1
1224,20133,63191,1
1225,20133,63192,1
1226,20133,63193,1
1227,20133,63195,1
1228,20133,63196,1
1229,20133,34750,1
1230,20133,63198,1
1231,20133,63201,1
1232,20133,63202,1
1233,20133,63203,1
1234,20133,63204,1
1235,20133,63205,1
1236,20133,63206,1
1237,20133,63208,1
1238,20133,63209,1
1239,20133,63210,1
1240,20133,63211,1
1241,20133,63212,1
1242,20133,63213,1
1243,20133,63214,1
1244,20133,63216,1
1245,20133,63217,1
1246,20133,63218,1
1247,20133,63221,1
1248,20133,63222,1
1249,20133,63223,1
1250,20133,63224,1
1251,20133,63225,1
1252,20133,63228,1
1253,20133,63230,1
1254,20133,63231,1
1255,20133,63232,1
1256,20133,63233,1
1257,20133,63234,1
1258,20133,14988,1
1259,20133,63236,1
1260,20133,63237,1
1261,20133,63238,1
1262,20133,63240,1
1263,20133,63241,1
1264,20133,63242,1
1265,20133,63243,1
1266,20133,63247,1
1267,20133,63248,1
1268,20133,63249,1
1269,20133,63250,1
1270,20133,63251,1
1271,20133,63252,1
1272,20133,63255,1
1273,20133,63256,1
1274,20133,63259,1
1275,20133,40239,1
1276,20133,63263,1
1277,20133,63264,1
1278,300727,8032,1
1279,300727,34405,1
1280,99061,90856,1
1281,99061,186193,1
1282,99061,431700,1
1283,99061,431701,1
1284,99061,431703,1
1285,99061,431704,1
1286,99061,431705,1
1287,99061,431708,1
1288,99061,186049,1
1289,99061,90883,1
1290,99061,431711,1
1291,99061,186130,1
1292,99061,108828,1
1293,99061,98847,1
1294,99061,431716,1
1295,99061,431717,1
1296,99061,431718,1
1297,99061,431719,1
1298,99061,63080,1
1299,99061,431723,1
1300,99061,431724,1
1301,99061,98826,1
1302,99061,431726,1
1303,99061,431728,1
1304,99061,431729,1
1305,99061,431731,1
1306,99061,431732,1
1307,99061,152253,1
1308,99061,62999,1
1309,99061,108773,1
1310,99061,186122,1
1311,99061,62981,1
1312,99061,108777,1
1313,99061,108775,1
1314,99061,431738,1
1315,99061,186203,1
1316,99061,108785,1
1317,99061,62939,1
1318,99061,431742,1
1319,99061,186223,1
1320,99061,431744,1
1321,99061,108783,1
1322,99061,63180,1
1323,99061,431745,1
1324,99061,431746,1
1325,99061,431748,1
1326,99061,431749,1
1327,99061,431750,1
1328,99061,186233,1
1329,99061,63145,1
1330,99061,431751,1
1331,99061,431752,1
1332,99061,431755,1
1333,99061,98825,1
1334,99061,63169,1
1335,99061,63136,1
1336,99061,63209,1
1337,99061,186321,1
1338,99061,431758,1
1339,99061,63208,1
1340,99061,431759,1
1341,99061,431760,1
1342,99061,431762,1
1343,99061,63196,1
1344,99061,431763,1
1345,99061,431764,1
1346,99061,63173,1
1347,99061,431766,1
1348,99061,63067,1
1349,99061,431769,1
1350,99061,431770,1
1351,99061,63121,1
1352,99061,431772,1
1353,99061,63233,1
1354,99061,431774,1
1355,99061,431775,1
1356,99061,62996,1
1357,99061,431777,1
1358,99061,186115,1
1359,99061,186323,1
1360,99061,431781,1
1361,99061,108840,1
1362,99061,431783,1
1363,99061,63161,1
1364,99061,431786,1
1365,99061,431787,1
1366,99061,186243,1
1367,99061,98827,1
1368,99061,63181,1
1369,99061,108795,1
1370,99061,63073,1
1371,99061,431791,1
1372,99061,63231,1
1373,99061,152273,1
1374,99061,431792,1
1375,99061,152250,1
1376,99061,152325,1
1377,99061,62995,1
1378,99061,108825,1
1379,99061,431793,1
1380,99061,63182,1
1381,99061,186345,1
1382,99061,108804,1
1383,99061,186258,1
1384,99061,431795,1
1385,99061,98962,1
1386,99061,98918,1
1387,99061,63011,1
1388,99061,63264,1
1389,99061,90850,1
1390,99061,108827,1
1391,99061,63035,1
1392,99061,431801,1
1393,99061,19240,1
1394,99061,186064,1
1395,99061,62920,1
1396,99061,63171,1
1397,99061,63053,1
1398,99061,63072,1
1399,99061,62998,1
1400,99061,90884,1
1401,99061,63049,1
1402,99061,108814,1
1403,99061,98997,1
1404,99061,63010,1
1405,99061,431804,1
1406,99061,63063,1
1407,99061,431805,1
1408,99061,63123,1
1409,99061,63158,1
1410,99061,431807,1
1411,99061,431808,1
1412,99061,63133,1
1413,99061,152269,1
1414,99061,63110,1
1415,99061,63113,1
1416,99061,186123,1
1417,99061,63106,1
1418,99061,431812,1
1419,99061,431813,1
1420,99061,63119,1
1421,99061,63089,1
1422,99061,63095,1
1423,99061,431814,1
1424,99061,337028,1
1425,99061,90889,1
1426,99061,431815,1
1427,99061,431816,1
1428,99061,63114,1
1429,99061,63198,1
1430,99061,90891,1
1431,99061,63008,1
1432,99061,99026,1
1433,99061,152266,1
1434,99061,186065,1
1435,99061,431822,1
1436,99061,99039,1
1437,99061,63078,1
1438,99061,63087,1
1439,99061,63191,1
1440,99061,186219,1
1441,99061,152372,1
1442,99061,63041,1
1443,99061,62991,1
1444,99061,90882,1
1445,99061,152345,1
1446,99061,99023,1
1447,99061,98845,1
1448,99061,152280,1
1449,99061,63249,1
1450,99061,152262,1
1451,99061,152330,1
1452,99061,431830,1
1453,99061,152378,1
1454,99061,431831,1
1455,99061,431832,1
1456,99061,108839,1
1457,99061,186131,1
1458,99061,108768,1
1459,99061,99047,1
1460,99061,80998,1
1461,99061,63070,1
1462,99061,186274,1
1463,99061,152298,1
1464,99061,98977,1
1465,99061,13414,1
1466,99061,431834,1
1467,99061,62909,1
1468,99061,108810,1
1469,99061,98878,1
1470,99061,431835,1
1471,99061,99059,1
1472,99061,62969,1
1473,99061,62960,1
1474,99061,152355,1
1475,99061,90858,1
1476,99061,152370,1
1477,99061,431840,1
1478,99061,431841,1
1479,99061,431842,1
1480,99061,62916,1
1481,99061,152328,1
1482,99061,63230,1
1483,99061,431844,1
1484,99061,63212,1
1485,99061,99055,1
1486,99061,152360,1
1487,99061,62990,1
1488,99061,90860,1
1489,99061,63052,1
1490,99061,152403,1
1491,99061,431849,1
1492,99061,431850,1
1493,99061,62984,1
1494,99061,152367,1
1495,99061,62959,1
1496,99061,99121,1
1497,99061,108845,1
1498,99061,62963,1
1499,99061,431852,1
1500,99061,62945,1
1501,99061,62947,1
1502,99061,63051,1
1503,99061,431856,1
1504,99061,63232,1
1505,99061,63015,1
1506,99061,186080,1
1507,99061,431858,1
1508,99061,431859,1
1509,99061,431861,1
1510,99061,62958,1
1511,99061,431863,1
1512,99061,63250,1
1513,99061,431864,1
1514,99061,431866,1
1515,99061,431867,1
1516,99061,186017,1
1517,99061,63075,1
1518,99061,98898,1
1519,99061,431869,1
1520,99061,108803,1
1521,99061,262266,1
1522,99061,431870,1
1523,99061,431871,1
1524,99061,431872,1
1525,99061,186318,1
1526,99061,431873,1
1527,99061,99028,1
1528,99061,62937,1
1529,99061,63003,1
1530,99061,108821,1
1531,99061,431876,1
1532,99061,431877,1
1533,99061,40857,1
1534,99061,431879,1
1535,99061,431881,1
1536,99061,431882,1
1537,99061,98927,1
1538,99061,63023,1
1539,99061,152287,1
1540,99061,431885,1
1541,99061,62934,1
1542,99061,431886,1
1543,99061,152276,1
1544,99061,431888,1
1545,99061,63054,1
1546,99061,63050,1
1547,99061,98854,1
1548,99061,90885,1
1549,99061,431892,1
1550,99061,186317,1
1551,99061,108855,1
1552,99061,99085,1
1553,99061,99119,1
1554,99061,431894,1
1555,99061,152348,1
1556,99061,4842,1
1557,99061,431898,1
1558,99061,152317,1
1559,99061,90878,1
1560,99061,186311,1
1561,99061,186324,1
1562,99061,431907,1
1563,99061,48595,1
1564,99061,431908,1
1565,99061,431909,1
1566,99061,186188,1
1567,99061,4843,1
1568,99061,62925,1
1569,99061,431911,1
1570,99061,63039,1
1571,99061,133056,1
1572,99061,431914,1
1573,99061,62936,1
1574,99061,431916,1
1575,99061,99012,1
1576,99061,431918,1
1577,99061,98831,1
1578,99061,99054,1
1579,99061,431919,1
1580,99061,63247,1
1581,99061,431921,1
1582,99061,90855,1
1583,99061,431924,1
1584,99061,99066,1
1585,99061,98964,1
1586,99061,98981,1
1587,99061,99099,1
1588,99061,99040,1
1589,233178,8032,1
1590,77550,34405,1
1591,77550,8032,1
1592,235393,8032,1
1593,186245,63136,1
1594,186245,62926,1
1595,186245,99036,1
1596,186245,98878,1
1597,186245,152389,1
1598,186245,99028,1
1599,186245,63015,1
1600,186245,152398,1
1601,186245,99074,1
1602,46982,8032,1
1603,22407,8032,1
1604,69523,20043,1
1605,128952,2650,1
1606,128952,8032,1
1607,106436,2650,1
1608,42959,2650,1
1609,34767,8808,1
1610,34767,2650,1
1611,161759,8032,1
1612,161759,34405,1
1613,75747,8032,1
1614,194549,8032,1
0,431708,63172,0
1,90837,431863,0
2,90855,98917,0
3,63248,108859,0
4,48595,98853,0
5,21938,99071,0
6,63181,63026,0
7,186314,186323,0
8,431812,186350,0
9,98914,152308,0
10,63114,431793,0
11,108828,98954,0
12,186333,63147,0
13,152372,41605,0
14,186130,152273,0
15,152334,186259,0
16,98940,108854,0
17,152294,152328,0
18,63132,62904,0
19,62996,63250,0
20,152304,431864,0
21,63030,63031,0
22,98827,152401,0
23,62834,98914,0
24,152355,63102,0
25,90878,98856,0
26,310138,62924,0
27,63191,186286,0
28,63092,63247,0
29,63082,146650,0
30,431750,152381,0
31,99072,186076,0
32,62998,186188,0
33,431816,98972,0
34,186222,186080,0
35,63036,152283,0
36,90856,431716,0
37,63126,63048,0
38,186130,108848,0
39,431716,152346,0
40,63043,186321,0
41,62922,431907,0
42,186204,152262,0
43,99102,108852,0
44,108780,98894,0
45,152365,63072,0
46,186276,186144,0
47,431783,62896,0
48,63002,62966,0
49,2650,431791,0
50,161759,63098,0
51,186257,62834,0
52,186340,65862,0
53,63102,152266,0
54,152353,62798,0
55,99073,63108,0
56,99007,63166,0
57,431863,62937,0
58,431869,62928,0
59,99055,152293,0
60,186062,63111,0
61,152379,99040,0
62,63003,98956,0
63,63129,90853,0
64,63075,104094,0
65,222209,63032,0
66,186316,62896,0
67,63008,431877,0
68,80516,63206,0
69,108769,63177,0
70,98890,186144,0
71,62962,63074,0
72,62894,207699,0
73,152362,186303,0
74,431744,186146,0
75,186132,160651,0
76,36443,121572,0
77,62864,63047,0
78,63241,186020,0
79,337028,6619,0
80,431812,98964,0
81,63196,99106,0
82,152321,108783,0
83,186257,186056,0
84,108774,108814,0
85,431750,62931,0
86,152385,63228,0
87,62854,186047,0
88,186100,431731,0
89,186197,431841,0
90,63132,152266,0
91,62936,63173,0
92,98856,99100,0
93,152344,108809,0
94,63035,62872,0
95,63196,152305,0
96,63102,152315,0
97,99059,63208,0
98,62864,75747,0
99,186134,108855,0
100,90882,152294,0
101,52118,128952,0
102,295560,186193,0
103,186031,62791,0
104,90887,186076,0
105,63255,431840,0
106,186179,63051,0
107,63121,431822,0
108,186243,63130,0
109,431859,62954,0
110,186115,108825,0
111,108776,152386,0
112,186222,63113,0
113,186173,66402,0
114,63020,63035,0
115,108787,186134,0
116,98878,90883,0
117,152274,4842,0
118,105621,17472,0
119,431894,186080,0
120,431886,63030,0
121,98927,431781,0
122,186078,63222,0
123,63049,98903,0
124,152308,90861,0
125,62958,186326,0
126,63132,98989,0
127,63125,63081,0
128,48595,186223,0
129,99017,98972,0
130,152307,62991,0
131,98972,152318,0
132,99102,193990,0
133,63115,62864,0
134,186192,98933,0
135,186204,63164,0
136,186123,186270,0
137,63054,152372,0
138,152250,186038,0
139,186278,63026,0
140,146320,186106,0
141,186107,108858,0
142,98829,62931,0
143,63021,63124,0
144,186029,431763,0
145,99040,152315,0
146,62972,63148,0
147,431861,60820,0
148,63203,431907,0
149,63250,99080,0
150,108768,62872,0
151,57813,63185,0
152,152399,26254,0
153,431760,186347,0
154,186213,62825,0
155,186341,186277,0
156,8452,186022,0
157,152389,186219,0
158,63255,63224,0
159,98863,62974,0
160,130020,63185,0
161,186100,62956,0
162,52560,62812,0
163,186060,62874,0
164,63221,186064,0
165,12834,108775,0
166,186135,63054,0
167,62864,186274,0
168,152323,105702,0
169,63073,63007,0
170,63203,186308,0
171,63188,431793,0
172,186173,186321,0
173,63222,152356,0
174,108840,98831,0
175,62913,62827,0
176,186131,108770,0
177,63145,99060,0
178,63198,63039,0
179,99088,99119,0
180,186223,98929,0
181,98995,63085,0
182,99057,62828,0
183,431815,431711,0
184,431770,186251,0
185,63264,90885,0
186,63213,40239,0
187,431870,63259,0
188,186217,186237,0
189,108826,186045,0
190,62857,186118,0
191,99064,108855,0
192,186060,62836,0
193,186115,108833,0
194,431894,63126,0
195,90860,62929,0
196,152401,152315,0
197,63156,62934,0
198,431815,63095,0
199,72656,186169,0
200,431919,431777,0
201,108801,63017,0
202,217708,431804,0
203,152362,40239,0
204,63139,36443,0
205,38143,64833,0
206,38143,63045,0
207,62912,186259,0
208,186321,152330,0
209,43937,98944,0
210,63225,152273,0
211,146650,98829,0
212,63051,63158,0
213,152365,63048,0
214,98884,108844,0
215,99051,62784,0
216,152400,152355,0
217,186287,431791,0
218,63147,431832,0
219,152288,63156,0
220,98873,62882,0
221,186205,62981,0
222,62815,152375,0
223,186182,63030,0
224,63218,62896,0
225,63124,72712,0
226,63127,63214,0
227,186302,63063,0
228,152271,186338,0
229,63126,152401,0
230,63151,63125,0
231,63187,90882,0
232,186312,63036,0
233,62994,63161,0
234,98977,98981,0
235,62902,186323,0
236,186084,99072,0
237,98884,4723,0
238,186225,186291,0
239,63212,63063,0
240,152305,62804,0
241,431738,62990,0
242,98831,62953,0
243,431775,50732,0
244,98928,152401,0
245,62888,186204,0
246,186217,431700,0
247,99070,62978,0
248,99007,287024,0
249,186214,152330,0
250,128952,98856,0
251,186106,431877,0
252,62946,63241,0
253,108795,63195,0
254,20043,98920,0
255,99112,431769,0
256,12834,186084,0
257,98937,108831,0
258,98831,130020,0
259,62792,63204,0
260,63206,186122,0
261,63264,62778,0
262,63165,431870,0
263,62902,186120,0
264,263501,99066,0
265,62940,99064,0
266,152283,98940,0
267,63082,431908,0
268,62894,431863,0
269,62857,62894,0
270,254416,98920,0
271,186140,63032,0
272,98873,152302,0
273,63016,152381,0
274,62801,152274,0
275,186163,63249,0
276,63209,63003,0
277,98928,152315,0
278,431841,98990,0
279,63079,11929,0
280,152361,108785,0
281,98905,310138,0
282,90856,186236,0
283,186132,431873,0
284,152277,62836,0
285,98831,186178,0
286,152403,63047,0
287,431749,99067,0
288,63063,186168,0
289,186140,98969,0
290,186154,431770,0
291,108769,152301,0
292,62922,431760,0
293,63242,62916,0
294,63156,431787,0
295,186146,108831,0
296,186143,63076,0
297,62834,63079,0
298,62974,186251,0
299,63074,63214,0
300,108824,63122,0
301,62834,98928,0
302,63156,431815,0
303,186022,431716,0
304,152251,235393,0
305,63135,98927,0
306,90853,62849,0
307,98967,62813,0
308,62833,152321,0
309,186324,158756,0
310,83628,62962,0
311,431711,98845,0
312,108875,63221,0
313,90833,63177,0
314,152273,186062,0
315,98855,186256,0
316,108824,26254,0
317,186159,98855,0
318,254416,62842,0
319,8452,186120,0
320,99100,63154,0
321,19240,152358,0
322,241841,62996,0
323,99047,152309,0
324,62931,63240,0
325,62939,63130,0
326,63083,108846,0
327,431888,431841,0
328,186182,63198,0
329,152278,186243,0
330,63081,99011,0
331,152310,63127,0
332,63130,62807,0
333,63115,431830,0
334,152258,106436,0
335,99007,63054,0
336,63185,186324,0
337,108837,186270,0
338,62776,152263,0
339,186152,104094,0
340,62812,152311,0
341,431738,63243,0
342,41605,431760,0
343,62836,152361,0
344,63099,99004,0
345,90859,63180,0
346,63145,63231,0
347,63152,431876,0
348,62954,108792,0
349,63145,63228,0
350,186220,431924,0
351,98827,152362,0
352,186042,62894,0
353,63263,186323,0
354,186168,152280,0
355,62778,15307,0
356,186092,152386,0
357,63250,152403,0
358,98920,98993,0
359,6619,431808,0
360,63081,63035,0
361,98993,310138,0
362,63082,19231,0
363,431728,14988,0
364,186017,431852,0
365,186276,62849,0
366,152280,62076,0
367,63252,98826,0
368,152370,108792,0
369,431749,108791,0
370,17472,52118,0
371,63237,186256,0
372,62782,62890,0
373,431892,63079,0
374,186193,62841,0
375,98968,152309,0
376,197358,63195,0
377,98960,63166,0
378,62780,152401,0
379,63178,152375,0
380,99082,186236,0
381,90841,158535,0
382,90833,152276,0
383,90878,98866,0
384,63259,63139,0
385,69523,186303,0
386,152398,62891,0
387,186075,307295,0
388,62994,431919,0
389,186023,62810,0
390,99015,431822,0
391,6619,186269,0
392,186190,75824,0
393,99028,63203,0
394,152287,186031,0
395,63034,62856,0
396,99007,152268,0
397,152344,99015,0
398,186169,108821,0
399,431805,11929,0
400,108861,6619,0
401,186297,431898,0
402,217299,431867,0
403,152364,15307,0
404,98842,186213,0
405,431886,186130,0
406,98959,98878,0
407,152358,152273,0
408,98992,152280,0
409,99067,62964,0
410,82292,62777,0
411,98969,63064,0
412,63034,63007,0
413,152305,99070,0
414,62974,62925,0
415,108845,193990,0
416,90864,431732,0
417,98956,108819,0
418,63003,98853,0
419,63133,63026,0
420,37503,186055,0
421,62925,108844,0
422,98898,186062,0
423,105702,62996,0
424,431731,99061,0
425,186055,62960,0
426,62854,62780,0
427,62791,63146,0
428,152372,98864,0
429,98962,63008,0
430,186202,99012,0
431,186222,63082,0
432,108824,186344,0
433,98856,263501,0
434,431909,63206,0
435,62929,152251,0
436,90887,431724,0
437,63241,431844,0
438,152276,108844,0
439,152328,152294,0
440,108817,431742,0
441,186249,51867,0
442,108775,186031,0
443,99100,62792,0
444,98992,186245,0
445,431742,431885,0
446,431723,152362,0
447,431842,63136,0
448,62788,63111,0
449,62980,63083,0
450,431919,62973,0
451,108858,186100,0
452,57813,186123,0
453,152328,63031,0
454,108819,63028,0
455,63148,63216,0
456,108848,108858,0
457,63154,152263,0
458,90858,186049,0
459,63228,77550,0
460,152400,63136,0
461,62909,99086,0
462,62836,186286,0
463,63157,431863,0
464,62847,62796,0
465,186223,63023,0
466,98928,50732,0
467,186117,108821,0
468,63077,152308,0
469,63034,431705,0
470,186241,2192,0
471,186158,186217,0
472,152396,431907,0
473,186317,217708,0
474,186088,62874,0
475,431728,108774,0
476,62839,63135,0
477,186302,121572,0
478,152305,63041,0
479,62980,63095,0
480,152365,152269,0
481,108791,15307,0
482,4843,152288,0
483,62790,186313,0
484,152266,45446,0
485,98961,105192,0
486,63191,63079,0
487,99074,90878,0
488,82292,63026,0
489,431769,98878,0
490,108775,13215,0
491,90855,431711,0
492,98986,63255,0
493,2988,186303,0
494,98992,63085,0
495,431719,62931,0
496,431894,98997,0
497,186178,186219,0
498,431793,152277,0
499,186263,108792,0
500,186193,431908,0
501,217807,48595,0
502,66731,431805,0
503,431781,99057,0
504,186173,63221,0
505,63141,186123,0
506,98959,186225,0
507,431700,62918,0
508,186237,62792,0
509,63106,152361,0
510,186274,62825,0
511,186069,98938,0
512,152292,152353,0
513,108801,62953,0
514,431731,431792,0
515,431700,62922,0
516,431705,186137,0
517,98894,63247,0
518,282709,98977,0
519,287024,108785,0
520,108867,63042,0
521,186168,108791,0
522,62799,98967,0
523,62778,108801,0
524,98864,62847,0
525,98938,431918,0
526,186348,99057,0
527,62883,98830,0
528,62920,186276,0
529,63119,186344,0
530,186018,63033,0
531,186024,431742,0
532,63202,62920,0
533,63054,63193,0
534,98989,62966,0
535,108850,98863,0
536,62978,63211,0
537,62836,20043,0
538,152271,98941,0
539,431858,431748,0
540,62869,63047,0
541,62937,62890,0
542,152345,108827,0
543,37503,431816,0
544,63133,152298,0
545,90892,62905,0
546,62300,431704,0
547,98960,99026,0
548,431861,62839,0
549,98986,98827,0
550,52197,108875,0
551,62807,152354,0
552,431886,52118,0
553,71200,186348,0
554,63070,63179,0
555,186333,62994,0
556,98967,62924,0
557,76,63115,0
558,98863,146650,0
559,186338,186132,0
560,431744,98929,0
561,431881,98903,0
562,90844,431752,0
563,186314,98992,0
564,63217,99117,0
565,63178,62908,0
566,152321,186060,0
567,287024,63113,0
568,62922,63067,0
569,186022,62921,0
570,186258,63118,0
571,186134,98995,0
572,431850,186100,0
573,186220,186081,0
574,431849,4843,0
575,98981,186134,0
576,108777,69523,0
577,37448,431724,0
578,108819,431924,0
579,90892,152279,0
580,99067,186258,0
581,99099,56717,0
582,63027,63103,0
583,431808,431873,0
584,152389,146320,0
585,98827,98920,0
586,431764,431872,0
587,99047,90884,0
588,90885,186107,0
589,62827,63158,0
590,62904,108809,0
591,62856,307295,0
592,63032,63171,0
593,152255,63027,0
594,431814,99117,0
595,63211,186263,0
596,98982,152345,0
597,152311,62950,0
598,431752,62782,0
599,98854,98964,0
600,152283,186243,0
601,152401,152299,0
602,431770,62995,0
603,63148,99040,0
604,99101,152301,0
605,62990,63129,0
606,263501,38143,0
607,431801,186018,0
608,62847,63145,0
609,98933,128952,0
610,63243,186190,0
611,431886,99067,0
612,186234,63157,0
613,98913,98946,0
614,140082,431760,0
615,98961,108785,0
616,63203,287024,0
617,4842,99074,0
618,62883,37503,0
619,62894,63247,0
620,186316,186120,0
621,63089,98884,0
622,108827,63209,0
623,99073,90883,0
624,431841,43937,0
625,51867,186297,0
626,152328,431858,0
627,99014,152398,0
628,98839,99021,0
629,431841,108769,0
630,263501,431914,0
631,62839,186055,0
632,217807,431723,0
633,63020,186178,0
634,431866,152309,0
635,75747,36443,0
636,152324,98873,0
637,186146,63115,0
638,62813,186276,0
639,295560,63064,0
640,186091,98827,0
641,431711,431750,0
642,63010,63111,0
643,431898,431759,0
644,431732,186055,0
645,63103,152310,0
646,431742,98853,0
647,431750,47106,0
648,99039,63263,0
649,63163,152402,0
650,186244,431876,0
651,99051,186163,0
652,99023,98990,0
653,186041,108850,0
654,98826,152288,0
655,186270,98866,0
656,99039,37503,0
657,431738,62873,0
658,186022,52560,0
659,98908,186313,0
660,128952,431763,0
661,431705,51867,0
662,98990,62814,0
663,62300,431804,0
664,431759,98949,0
665,63075,431728,0
666,186168,186318,0
667,108848,63218,0
668,98914,262266,0
669,63043,63146,0
670,186217,63059,0
671,62790,62869,0
672,63051,186269,0
673,431871,62995,0
674,36298,431742,0
675,431793,63230,0
676,186022,152360,0
677,186334,63065,0
678,2988,98930,0
679,99023,62925,0
680,108792,98903,0
681,186152,108839,0
682,186351,431882,0
683,63248,98914,0
684,62847,63218,0
685,152356,82292,0
686,152262,62939,0
687,63026,62799,0
688,62868,63178,0
689,152287,2650,0
690,62905,56717,0
691,63041,63201,0
692,63017,152364,0
693,62799,295560,0
694,62922,186018,0
695,152324,62836,0
696,62940,63250,0
697,186081,98974,0
698,90884,63193,0
699,63255,186047,0
700,310138,152268,0
701,108787,186277,0
702,98861,90855,0
703,186340,186136,0
704,99059,152345,0
705,98917,108773,0
706,63056,90882,0
707,90892,431840,0
708,94615,186277,0
709,99119,235393,0
710,63182,186303,0
711,98831,13215,0
712,152357,62836,0
713,431749,431750,0
714,82292,62355,0
715,152271,186122,0
716,11929,98968,0
717,63081,152271,0
718,40025,63218,0
719,152288,63196,0
720,431742,431777,0
721,152298,99053,0
722,186258,63183,0
723,431859,186203,0
724,98967,63177,0
725,98920,50732,0
726,63206,58427,0
727,98997,99036,0
728,186193,63075,0
729,146320,63177,0
730,152353,72656,0
731,431881,108845,0
732,98894,62355,0
733,152372,99112,0
734,186350,262266,0
735,63031,98962,0
736,431755,186193,0
737,62958,63133,0
738,152298,152370,0
739,152324,62907,0
740,62953,63203,0
741,152389,63249,0
742,63008,431759,0
743,98985,431894,0
744,108783,431805,0
745,62981,63130,0
746,186340,186022,0
747,62902,63133,0
748,99076,431711,0
749,108808,63081,0
750,99059,186292,0
751,90894,186126,0
752,63077,63072,0
753,99059,186333,0
754,186084,431759,0
755,262266,98915,0
756,99086,186046,0
757,217299,63083,0
758,186222,152278,0
759,152262,152344,0
760,108791,186219,0
761,98915,94615,0
762,98903,186099,0
763,62904,186041,0
764,62801,98986,0
765,263501,98944,0
766,99008,98890,0
767,152269,152274,0
768,76,63067,0
769,63177,152375,0
770,226372,99070,0
771,186035,186057,0
772,186069,312589,0
773,99053,186339,0
774,108850,63114,0
775,63233,431911,0
776,62947,431886,0
777,37503,108839,0
778,63052,99033,0
779,62909,63106,0
780,63149,186339,0
781,98820,63248,0
782,62791,431918,0
783,99023,99106,0
784,108803,186191,0
785,186132,63251,0
786,62954,431775,0
787,186311,152250,0
788,62991,431814,0
789,63181,98946,0
790,108773,105192,0
791,263501,186264,0
792,186081,63065,0
793,80998,63165,0
794,63010,99012,0
795,63193,63133,0
796,186061,98982,0
797,63114,99099,0
798,90855,63115,0
799,186123,99054,0
800,152302,63145,0
801,108867,108817,0
802,62902,99058,0
803,152371,431748,0
804,217708,62904,0
805,62790,63043,0
806,431748,63232,0
807,186334,62913,0
808,98961,186132,0
809,63149,62880,0
810,108773,186147,0
811,186341,41605,0
812,186131,63061,0
813,63206,63212,0
814,431704,90837,0
815,186042,83628,0
816,40239,63250,0
817,98985,431766,0
818,51867,62839,0
819,186291,186190,0
820,63212,63187,0
821,186279,63015,0
822,63023,62847,0
823,108817,99057,0
824,63143,63231,0
825,99067,158535,0
826,63115,431764,0
827,431849,90878,0
828,62981,152361,0
829,99012,62815,0
830,186270,63067,0
831,186100,152352,0
832,108854,63048,0
833,431872,207699,0
834,19231,63017,0
835,152352,98854,0
836,62907,63196,0
837,40857,152361,0
838,152287,63041,0
839,62894,72712,0
840,62959,186303,0
841,152298,62852,0
842,62844,63082,0
843,431786,152319,0
844,186106,152375,0
845,63063,152321,0
846,6619,62984,0
847,62807,62815,0
848,431894,98945,0
849,186197,13414,0
850,152378,152273,0
851,186339,186351,0
852,40857,186105,0
853,431711,108855,0
854,50732,2192,0
855,152269,108867,0
856,254416,186035,0
857,431832,98917,0
858,99012,152311,0
859,62793,37448,0
860,63102,13215,0
861,98993,98830,0
862,108839,74414,0
863,108842,431742,0
864,186112,99036,0
865,186195,12834,0
866,63068,186106,0
867,63059,98914,0
868,152402,99076,0
869,63145,21938,0
870,431911,99076,0
871,62892,152302,0
872,62778,63052,0
873,186269,108799,0
874,431876,186024,0
875,63028,186291,0
876,186091,140082,0
877,90892,62947,0
878,186303,63179,0
879,63210,186120,0
880,186165,47106,0
881,37503,431749,0
882,186179,152298,0
883,431830,186035,0
884,186327,431791,0
885,62804,99112,0
886,152255,98847,0
887,431911,80998,0
888,62960,186292,0
889,63173,63192,0
890,152371,63230,0
891,431786,152305,0
892,62800,108812,0
893,63054,98853,0
894,152375,186220,0
895,186351,99023,0
896,62902,431873,0
897,431775,62788,0
898,63210,186339,0
899,431764,431888,0
900,99070,152294,0
901,152386,63102,0
902,63096,46982,0
903,62825,108852,0
904,63211,431751,0
905,431909,62931,0
906,186318,63065,0
907,431781,62796,0
908,108832,186348,0
909,431758,186206,0
910,63223,63172,0
911,62920,431791,0
912,431786,431816,0
913,75747,63054,0
914,152389,63114,0
915,186165,63113,0
916,108827,186157,0
917,63098,63250,0
918,108799,152334,0
919,99057,62868,0
920,186234,62836,0
921,193990,99036,0
922,63110,63164,0
923,108774,431911,0
924,186057,222209,0
925,98847,98990,0
926,62872,14988,0
927,186213,99087,0
928,108872,152294,0
929,431885,186065,0
930,63123,186046,0
931,186334,98898,0
932,63077,99014,0
933,99074,186257,0
934,186091,186080,0
935,62904,63225,0
936,63061,12834,0
937,62909,431908,0
938,62852,63017,0
939,63196,186168,0
940,152301,63172,0
941,98982,431726,0
942,186341,431835,0
943,37448,431783,0
944,186065,90854,0
945,193990,186045,0
946,62969,62960,0
947,186134,99066,0
948,62936,63002,0
949,62912,99076,0
950,186222,108854,0
951,63059,98894,0
952,98826,63073,0
953,108801,63111,0
954,152308,431783,0
955,99087,43937,0
956,63033,62869,0
957,186348,186140,0
958,62891,186147,0
959,186243,186197,0
960,186203,140082,0
961,186297,152389,0
962,431705,63242,0
963,186264,63182,0
964,431869,63180,0
965,17472,62782,0
966,152399,186323,0
967,152361,63047,0
968,66402,186295,0
969,98820,186236,0
970,62918,108788,0
971,62849,431840,0
972,98945,63124,0
973,186338,263501,0
974,62932,63204,0
975,431867,62355,0
976,152323,186202,0
977,186338,63129,0
978,99014,431850,0
979,34767,63263,0
980,186270,186295,0
981,62924,62945,0
982,186218,431866,0
983,431918,63102,0
984,186347,99102,0
985,14988,431815,0
986,62798,98993,0
987,108855,152360,0
988,62833,146650,0
989,63090,186351,0
990,431795,63023,0
991,62810,108864,0
992,62909,152311,0
993,431729,98985,0
994,431804,152387,0
995,108875,152400,0
996,152322,186103,0
997,98972,108819,0
998,99047,62864,0
999,62980,62784,0
1000,42959,431832,0
1001,226372,63079,0
1002,11929,90892,0
1003,63222,186214,0
1004,98827,186249,0
1005,108770,98927,0
1006,98826,186088,0
1007,152346,63033,0
1008,152344,863,0
1009,431832,63050,0
1010,431755,63102,0
1011,431882,99073,0
1012,63234,62934,0
1013,63073,63234,0
1014,186258,63114,0
1015,19240,98840,0
1016,431921,431738,0
1017,431859,186225,0
1018,186061,63217,0
1019,62902,186214,0
1020,99051,108821,0
1021,62891,186243,0
1022,431859,98945,0
1023,63212,98961,0
1024,431886,63035,0
1025,98913,75747,0
1026,186065,186057,0
1027,63157,431781,0
1028,63095,152334,0
1029,62894,98842,0
1030,99091,108848,0
1031,431866,62954,0
1032,63008,108862,0
1033,152322,73363,0
1034,63048,108776,0
1035,72712,98999,0
1036,62776,13414,0
1037,186276,431760,0
1038,98820,62890,0
1039,186136,8808,0
1040,63068,62996,0
1041,63096,83628,0
1042,186136,63256,0
1043,186205,152396,0
1044,63108,52197,0
1045,63217,186140,0
1046,431783,98960,0
1047,186195,63205,0
1048,235393,99054,0
1049,233178,108842,0
1050,34767,186291,0
1051,98826,431886,0
1052,80516,63208,0
1053,108862,98964,0
1054,158756,62953,0
1055,62940,63175,0
1056,98944,207699,0
1057,63145,431840,0
1058,51867,50732,0
1059,63223,431770,0
1060,62973,186106,0
1061,98962,108815,0
1062,99060,217708,0
1063,186303,99112,0
1064,152315,62953,0
1065,62979,186327,0
1066,62842,152371,0
1067,63115,186334,0
1068,57813,152396,0
1069,63180,99106,0
1070,99119,431792,0
1071,13414,60820,0
1072,62946,431835,0
1073,99073,431815,0
1074,63095,62967,0
1075,62920,431872,0
1076,99119,186159,0
1077,62978,98869,0
1078,207699,90859,0
1079,186152,186024,0
1080,63090,63008,0
1081,63011,431888,0
1082,62844,186350,0
1083,63123,431759,0
1084,431908,186334,0
1085,62909,98959,0
1086,99074,71200,0
1087,63211,431881,0
1088,186202,186204,0
1089,62973,90861,0
1090,108799,90856,0
1091,63255,194549,0
1092,62856,217299,0
1093,63121,99023,0
1094,63028,152385,0
1095,431804,63007,0
1096,63217,170834,0
1097,186157,99087,0
1098,186333,42959,0
1099,186045,431886,0
1100,152253,431870,0
1101,63047,63095,0
1102,63182,152276,0
1103,186045,167,0
1104,63161,431872,0
1105,186137,36298,0
1106,104094,66731,0
1107,63169,99053,0
1108,63030,152287,0
1109,63113,431858,0
1110,282709,63191,0
1111,99054,62856,0
1112,152344,431732,0
1113,99057,80998,0
1114,152387,282709,0
1115,186057,63137,0
1116,152330,62972,0
1117,63165,152362,0
1118,431834,108864,0
1119,186257,152349,0
1120,431804,99074,0
1121,63216,186339,0
1122,63211,63148,0
1123,186188,431830,0
1124,186065,62959,0
1125,186233,312589,0
1126,108814,63067,0
1127,63130,431726,0
1128,152315,186023,0
1129,62823,98830,0
1130,62899,99059,0
1131,63173,62882,0
1132,98930,186078,0
1133,186136,152385,0
1134,108827,63250,0
1135,99008,56717,0
1136,186045,152330,0
1137,186022,63064,0
1138,63065,90854,0
1139,431791,63012,0
1140,63135,431894,0
1141,186195,63126,0
1142,431804,186287,0
1143,63185,431808,0
1144,431840,63121,0
1145,99088,431924,0
1146,98969,99067,0
1147,63085,431871,0
1148,90885,152308,0
1149,94615,62896,0
1150,186302,431814,0
1151,217807,98825,0
1152,62869,186146,0
1153,99071,108814,0
1154,186078,98920,0
1155,63080,186221,0
1156,186297,152321,0
1157,62926,62920,0
1158,186091,152379,0
1159,72712,98954,0
1160,62904,72712,0
1161,431831,99048,0
1162,63240,431745,0
1163,90833,62883,0
1164,186178,63121,0
1165,98855,20043,0
1166,63076,186158,0
1167,98917,22407,0
1168,98894,56717,0
1169,52560,108815,0
1170,431916,62977,0
1171,63216,63201,0
1172,431744,152251,0
1173,108814,431700,0
1174,62778,99112,0
1175,133056,152273,0
1176,62924,152308,0
1177,152273,62917,0
1178,108780,186237,0
1179,98839,128952,0
1180,186023,222209,0
1181,431762,72656,0
1182,121572,63003,0
1183,152400,62839,0
1184,62928,152402,0
1185,186098,62998,0
1186,63157,152271,0
1187,108872,98878,0
1188,29591,63081,0
1189,99067,63122,0
1190,431762,104094,0
1191,186031,62936,0
1192,431716,62990,0
1193,62827,186278,0
1194,63110,63139,0
1195,63007,108824,0
1196,63129,63030,0
1197,98898,431729,0
1198,63080,80998,0
1199,128952,4843,0
1200,63003,62873,0
1201,63214,186031,0
1202,186311,62804,0
1203,63241,186326,0
1204,63224,63192,0
1205,63141,186141,0
1206,62823,152357,0
1207,99086,17472,0
1208,108791,186202,0
1209,186076,431774,0
1210,431704,99012,0
1211,62800,63202,0
1212,186286,8032,0
1213,63247,62928,0
1214,152345,62924,0
1215,152387,99048,0
1216,108861,186220,0
1217,108826,186060,0
1218,63206,108790,0
1219,108828,63056,0
1220,90844,63158,0
1221,60820,62777,0
1222,152287,152313,0
1223,152398,62980,0
1224,431919,99028,0
1225,63178,29591,0
1226,431755,431807,0
1227,152309,99101,0
1228,431718,863,0
1229,62810,63187,0
1230,63091,310138,0
1231,186047,62913,0
1232,62992,108817,0
1233,63043,62780,0
1234,63130,62873,0
1235,98945,186047,0
1236,186336,98914,0
1237,63259,62828,0
1238,99023,63152,0
1239,63188,98853,0
1240,62869,99028,0
1241,63087,98845,0
1242,63237,108799,0
1243,300727,108774,0
1244,63221,62912,0
1245,431894,62929,0
1246,186293,90861,0
1247,62872,431751,0
1248,158535,63052,0
1249,62790,186278,0
1250,99060,186023,0
1251,63053,431834,0
1252,431787,62899,0
1253,40239,152334,0
1254,63225,186218,0
1255,63164,63041,0
1256,63023,431888,0
1257,431812,431870,0
1258,186274,133056,0
1259,63083,4842,0
1260,62899,63145,0
1261,431792,72656,0
1262,99082,62828,0
1263,431758,186270,0
1264,62967,63113,0
1265,186057,186065,0
1266,431724,62995,0
1267,62960,62849,0
1268,233178,152371,0
1269,62807,63137,0
1270,287024,186064,0
1271,2650,62990,0
1272,186191,431814,0
1273,108773,108854,0
1274,52197,62980,0
1275,186061,152315,0
1276,186126,62916,0
1277,186143,99017,0
1278,152304,99091,0
1279,152266,186219,0
1280,108854,62937,0
1281,98840,186159,0
1282,431775,158535,0
1283,108819,40857,0
1284,431781,152276,0
1285,63161,108826,0
1286,21938,98985,0
1287,60820,186277,0
1288,186069,98937,0
1289,186099,186263,0
1290,62849,186270,0
1291,108824,431834,0
1292,186118,108875,0
1293,152250,99017,0
1294,98960,431822,0
1295,63137,63172,0
1296,186237,431814,0
1297,62998,63113,0
1298,98992,152361,0
1299,186237,98930,0
1300,431885,186259,0
1301,99121,63114,0
1302,62300,108792,0
1303,99073,62925,0
1304,431738,108792,0
1305,98916,63115,0
1306,108842,98982,0
1307,152299,431844,0
1308,431801,108769,0
1309,63016,186334,0
1310,186297,98854,0
1311,63077,62899,0
1312,431746,99039,0
1313,152379,152361,0
1314,62984,152288,0
1315,62954,63096,0
1316,431872,152276,0
1317,431924,152375,0
1318,130020,108828,0
1319,186243,140082,0
1320,63127,431701,0
1321,431841,217299,0
1322,63049,17472,0
1323,152309,62932,0
1324,99036,34405,0
1325,186321,152334,0
1326,186205,63130,0
1327,431805,431795,0
1328,34767,431731,0
1329,186169,98960,0
1330,186221,105702,0
1331,99076,63151,0
1332,63183,98826,0
1333,105621,108768,0
1334,431867,99011,0
1335,62998,431787,0
1336,108801,69523,0
1337,43937,99011,0
1338,186088,186348,0
1339,63259,98960,0
1340,152294,152349,0
1341,98920,152361,0
1342,312589,108859,0
1343,11929,98884,0
1344,63263,186237,0
1345,186213,431787,0
1346,186203,431759,0
1347,98863,152308,0
1348,62790,62300,0
1349,63041,43937,0
1350,431921,152346,0
1351,194549,186065,0
1352,108803,63070,0
1353,108872,152321,0
1354,431911,108795,0
1355,62834,108837,0
1356,63135,186259,0
1357,62999,63240,0
1358,431744,14988,0
1359,63241,63020,0
1360,98866,312589,0
1361,62934,63248,0
1362,63099,62999,0
1363,63103,186316,0
1364,63224,152315,0
1365,63002,62992,0
1366,152266,152361,0
1367,63091,63232,0
1368,62782,46982,0
1369,99100,186169,0
1370,63065,63036,0
1371,40857,186195,0
1372,133056,98960,0
1373,99051,108854,0
1374,62833,98827,0
1375,63136,186099,0
1376,152310,63067,0
1377,431822,63002,0
1378,90891,108827,0
1379,186220,431911,0
1380,99091,186023,0
1381,108809,217299,0
1382,186202,62812,0
1383,63179,62963,0
1384,63183,108803,0
1385,63084,98944,0
1386,62913,186282,0
1387,63178,152346,0
1388,186136,186024,0
1389,99060,152298,0
1390,186159,64833,0
1391,186291,152371,0
1392,431751,63137,0
1393,63210,63127,0
1394,186251,152381,0
1395,431752,431728,0
1396,152398,63201,0
1397,63147,63051,0
1398,98938,63092,0
1399,108808,431919,0
1400,62841,13414,0
1401,63075,152387,0
1402,80998,431777,0
1403,186135,108808,0
1404,99004,98903,0
1405,62863,282709,0
1406,62810,63119,0
1407,152288,12834,0
1408,186144,431894,0
1409,337028,4842,0
1410,98929,186188,0
1411,63049,152372,0
1412,62777,431801,0
1413,63054,62355,0
1414,186218,63252,0
1415,98927,186190,0
1416,99088,108783,0
1417,431766,63023,0
1418,63067,62980,0
1419,99053,186076,0
1420,98967,63060,0
1421,99086,90855,0
1422,98972,26254,0
1423,152370,98941,0
1424,431795,186326,0
1425,62355,152371,0
1426,108826,63035,0
1427,152277,63205,0
1428,98930,62798,0
1429,186259,186091,0
1430,121572,99055,0
1431,73363,90891,0
1432,431812,98868,0
1433,98861,98829,0
1434,167,186340,0
1435,186197,217299,0
1436,186049,63034,0
1437,62956,152253,0
1438,63139,62793,0
1439,431924,431772,0
1440,161759,222209,0
1441,431701,98989,0
1442,152356,50732,0
1443,152315,186234,0
1444,63136,62925,0
1445,186115,108840,0
1446,62896,99072,0
1447,98915,63032,0
1448,63209,431861,0
1449,63063,128952,0
1450,108872,186182,0
1451,98989,62980,0
1452,62834,98861,0
1453,108808,241295,0
1454,186080,62888,0
1455,431894,62967,0
1456,152305,98884,0
1457,62776,63263,0
1458,2988,98861,0
1459,108852,193990,0
1460,186193,186339,0
1461,431921,431758,0
1462,62859,63248,0
1463,63195,2192,0
1464,63241,186092,0
1465,63085,431850,0
1466,62905,63072,0
1467,98820,431871,0
1468,13215,98903,0
1469,63113,63084,0
1470,63146,186134,0
1471,98941,62984,0
1472,90889,12834,0
1473,63141,99036,0
1474,19240,98866,0
1475,99067,152271,0
1476,431908,63185,0
1477,2192,63048,0
1478,62994,863,0
1479,431919,62813,0
1480,108825,152341,0
1481,186302,431882,0
1482,63064,431832,0
1483,99023,62800,0
1484,152349,40025,0
1485,431921,152283,0
1486,62959,75747,0
1487,186286,62842,0
1488,186249,80516,0
1489,66878,62815,0
1490,4723,431866,0
1491,431793,90878,0
1492,63114,62912,0
1493,74414,98968,0
1494,63096,98842,0
1495,98993,152323,0
1496,57813,63045,0
1497,99025,431791,0
1498,62916,108832,0
1499,152298,431873,0
1500,186347,99059,0
1501,431781,63181,0
1502,62076,108850,0
1503,62812,186204,0
1504,186078,20133,0
1505,431844,99070,0
1506,62076,186141,0
1507,90833,63233,0
1508,62907,108831,0
1509,98864,152277,0
1510,63256,63123,0
1511,431748,63076,0
1512,63259,152307,0
1513,152334,186071,0
1514,186307,99102,0
1515,186192,63015,0
1516,152310,90860,0
1517,186222,63198,0
1518,62883,152403,0
1519,63201,99072,0
1520,431908,186278,0
1521,63085,19240,0
1522,22407,152328,0
1523,98946,108831,0
1524,98913,4723,0
1525,186165,62902,0
1526,431885,186244,0
1527,26254,431861,0
1528,99102,62928,0
1529,152398,186333,0
1530,63243,152355,0
1531,63250,152362,0
1532,63203,62891,0
1533,186078,186277,0
1534,98830,63188,0
1535,431755,63008,0
1536,63156,287024,0
1537,62796,152250,0
1538,98990,108875,0
1539,282709,50732,0
1540,186287,63135,0
1541,90892,63188,0
1542,108861,186303,0
1543,108809,38143,0
1544,186064,170834,0
1545,431762,152250,0
1546,19231,63264,0
1547,63008,62953,0
1548,186045,186118,0
1549,63118,222209,0
1550,431748,152385,0
1551,99073,108821,0
1552,186118,186188,0
1553,76,63034,0
1554,63026,186042,0
1555,186075,98853,0
1556,62801,62894,0
1557,63103,186112,0
1558,186219,99086,0
1559,38143,98933,0
1560,235393,152332,0
1561,98974,63074,0
1562,98894,431869,0
1563,431841,63121,0
1564,63061,431822,0
1565,186075,99028,0
1566,98977,108804,0
1567,62998,186182,0
1568,62892,152274,0
1569,63148,152332,0
1570,63248,98927,0
1571,152358,431759,0
1572,186157,152334,0
1573,62974,282709,0
1574,13414,186056,0
1575,4723,62956,0
1576,186351,431909,0
1577,62974,98960,0
1578,63083,62998,0
1579,186157,90884,0
1580,186080,98855,0
1581,99039,63234,0
1582,98986,41605,0
1583,63028,98990,0
1584,63028,186069,0
1585,63049,72712,0
1586,63145,217807,0
1587,62873,108799,0
1588,62921,69523,0
1589,108859,186105,0
1590,186263,63115,0
1591,63108,226372,0
1592,431745,63177,0
1593,431894,152398,0
1594,152319,62956,0
1595,152385,186264,0
1596,108837,62924,0
1597,62784,431704,0
1598,62945,152318,0
1599,152401,62953,0
1600,152323,186020,0
1601,98830,186225,0
1602,108872,431888,0
1603,63110,431892,0
1604,152258,186098,0
1605,99012,98946,0
1606,63089,186314,0
1607,66402,62947,0
1608,98915,63023,0
1609,63169,62854,0
1610,63228,51867,0
1611,186098,98847,0
1612,431882,63240,0
1613,186251,99033,0
1614,431760,152337,0
